ActorID,MovieID,ActorRole
112,459,Lead Actor
281,274,Lead Actor
496,320,Lead Actor
185,49,Cameo
40,954,Cameo
210,390,Cameo
397,578,Lead Actor
143,551,Supporting Actor
441,927,Lead Actor
378,831,Lead Actor
371,52,Supporting Actor
222,728,Lead Actor
379,98,Lead Actor
134,922,Supporting Actor
186,604,Supporting Actor
434,407,Cameo
477,776,Cameo
307,565,Supporting Actor
10,582,Cameo
223,816,Supporting Actor
1,253,Cameo
21,335,Lead Actor
225,447,Supporting Actor
110,113,Lead Actor
215,604,Cameo
17,243,Supporting Actor
409,103,Supporting Actor
213,416,Cameo
454,28,Supporting Actor
229,203,Lead Actor
494,978,Cameo
431,235,Cameo
89,588,Supporting Actor
317,246,Supporting Actor
318,340,Cameo
262,152,Lead Actor
37,15,Supporting Actor
308,818,Lead Actor
380,594,Lead Actor
318,586,Cameo
500,2,Supporting Actor
185,917,Supporting Actor
194,854,Lead Actor
30,818,Supporting Actor
115,909,Supporting Actor
378,707,Cameo
34,370,Supporting Actor
143,644,Lead Actor
422,978,Supporting Actor
313,206,Cameo
254,591,Cameo
474,38,Lead Actor
78,397,Supporting Actor
308,287,Cameo
403,758,Lead Actor
47,808,Lead Actor
443,89,Supporting Actor
86,273,Supporting Actor
323,398,Lead Actor
221,441,Lead Actor
445,807,Supporting Actor
62,465,Lead Actor
92,369,Lead Actor
463,137,Supporting Actor
358,274,Lead Actor
137,639,Lead Actor
130,838,Supporting Actor
343,71,Supporting Actor
420,379,Cameo
228,220,Lead Actor
27,382,Cameo
365,931,Lead Actor
393,668,Supporting Actor
36,889,Lead Actor
270,602,Supporting Actor
88,231,Supporting Actor
105,359,Supporting Actor
78,708,Cameo
467,957,Supporting Actor
339,814,Lead Actor
116,921,Cameo
267,614,Supporting Actor
252,156,Supporting Actor
62,165,Lead Actor
273,908,Supporting Actor
228,915,Supporting Actor
365,793,Cameo
465,561,Supporting Actor
67,527,Lead Actor
1,379,Lead Actor
327,220,Cameo
24,891,Supporting Actor
313,889,Supporting Actor
140,588,Cameo
285,451,Supporting Actor
342,392,Lead Actor
216,406,Supporting Actor
482,619,Lead Actor
453,160,Cameo
469,971,Cameo
232,540,Supporting Actor
469,496,Supporting Actor
500,436,Lead Actor
467,369,Cameo
286,557,Supporting Actor
228,958,Supporting Actor
176,742,Cameo
496,412,Supporting Actor
72,654,Supporting Actor
305,835,Cameo
34,102,Cameo
308,263,Lead Actor
216,346,Lead Actor
317,799,Supporting Actor
329,357,Supporting Actor
24,812,Lead Actor
335,31,Lead Actor
270,846,Lead Actor
356,782,Lead Actor
78,309,Supporting Actor
131,501,Cameo
352,957,Lead Actor
308,460,Cameo
452,859,Lead Actor
104,623,Cameo
13,998,Supporting Actor
115,398,Supporting Actor
224,672,Lead Actor
349,741,Cameo
302,49,Lead Actor
51,160,Lead Actor
135,979,Lead Actor
480,426,Lead Actor
468,189,Supporting Actor
286,20,Lead Actor
111,958,Supporting Actor
321,687,Cameo
200,799,Cameo
412,192,Lead Actor
8,885,Supporting Actor
425,865,Lead Actor
365,861,Cameo
489,82,Supporting Actor
474,578,Lead Actor
216,408,Lead Actor
166,279,Cameo
257,403,Cameo
247,859,Lead Actor
177,59,Lead Actor
367,407,Supporting Actor
166,1000,Supporting Actor
471,599,Supporting Actor
56,520,Supporting Actor
115,281,Lead Actor
211,475,Cameo
468,204,Cameo
416,400,Cameo
435,409,Supporting Actor
63,111,Lead Actor
382,800,Supporting Actor
248,208,Cameo
251,319,Supporting Actor
491,853,Supporting Actor
79,167,Lead Actor
50,676,Cameo
174,571,Cameo
74,14,Lead Actor
413,805,Cameo
351,292,Supporting Actor
447,1,Cameo
49,36,Supporting Actor
305,140,Supporting Actor
435,783,Lead Actor
214,117,Supporting Actor
258,328,Cameo
82,74,Supporting Actor
13,415,Cameo
169,927,Supporting Actor
304,899,Supporting Actor
330,789,Supporting Actor
51,252,Lead Actor
34,446,Supporting Actor
195,623,Supporting Actor
5,796,Cameo
148,170,Lead Actor
385,86,Supporting Actor
84,53,Lead Actor
375,924,Supporting Actor
142,773,Cameo
436,704,Cameo
180,795,Supporting Actor
92,858,Cameo
64,634,Cameo
53,326,Lead Actor
265,21,Cameo
264,781,Cameo
325,356,Cameo
231,400,Cameo
345,204,Lead Actor
297,166,Lead Actor
127,368,Cameo
451,645,Cameo
54,449,Lead Actor
40,154,Cameo
64,43,Cameo
447,374,Supporting Actor
72,857,Supporting Actor
394,331,Supporting Actor
1,942,Supporting Actor
162,672,Supporting Actor
226,820,Cameo
282,714,Cameo
33,474,Cameo
333,86,Supporting Actor
302,608,Lead Actor
343,760,Lead Actor
389,665,Supporting Actor
13,237,Supporting Actor
458,743,Lead Actor
450,525,Lead Actor
376,490,Lead Actor
230,768,Cameo
37,465,Lead Actor
385,693,Lead Actor
163,16,Cameo
130,142,Cameo
319,316,Cameo
304,328,Lead Actor
424,178,Lead Actor
40,232,Cameo
170,792,Cameo
84,445,Cameo
3,318,Supporting Actor
37,721,Lead Actor
366,7,Cameo
256,189,Cameo
131,544,Cameo
434,606,Cameo
456,742,Lead Actor
266,864,Lead Actor
108,757,Supporting Actor
492,480,Cameo
78,492,Supporting Actor
131,814,Cameo
268,877,Lead Actor
321,485,Supporting Actor
104,575,Cameo
404,675,Cameo
147,910,Lead Actor
193,941,Supporting Actor
195,469,Lead Actor
279,951,Supporting Actor
120,46,Lead Actor
195,689,Lead Actor
125,656,Cameo
340,129,Cameo
165,122,Supporting Actor
325,409,Supporting Actor
441,70,Supporting Actor
121,391,Supporting Actor
352,995,Cameo
378,754,Lead Actor
227,423,Cameo
264,610,Cameo
463,628,Supporting Actor
137,7,Supporting Actor
59,725,Supporting Actor
418,824,Cameo
418,713,Lead Actor
25,303,Supporting Actor
123,155,Lead Actor
500,652,Supporting Actor
287,339,Supporting Actor
436,241,Supporting Actor
309,234,Supporting Actor
261,670,Supporting Actor
227,607,Supporting Actor
212,841,Cameo
34,92,Lead Actor
111,91,Cameo
62,729,Cameo
78,986,Supporting Actor
287,288,Cameo
485,554,Lead Actor
191,311,Cameo
494,463,Cameo
449,14,Cameo
77,746,Cameo
278,733,Lead Actor
398,506,Lead Actor
299,31,Lead Actor
118,123,Supporting Actor
418,519,Supporting Actor
329,206,Lead Actor
261,992,Supporting Actor
276,759,Lead Actor
333,480,Cameo
479,862,Supporting Actor
104,178,Supporting Actor
95,789,Cameo
81,862,Cameo
248,30,Lead Actor
152,365,Cameo
22,7,Cameo
314,322,Supporting Actor
292,646,Cameo
343,906,Supporting Actor
48,311,Supporting Actor
1,773,Cameo
331,514,Cameo
446,925,Supporting Actor
62,611,Lead Actor
135,865,Cameo
17,87,Supporting Actor
266,26,Cameo
447,57,Lead Actor
22,560,Cameo
23,146,Supporting Actor
354,532,Lead Actor
212,955,Supporting Actor
208,224,Cameo
340,348,Lead Actor
398,328,Lead Actor
226,969,Cameo
416,587,Lead Actor
25,857,Lead Actor
27,641,Cameo
453,4,Supporting Actor
179,190,Cameo
229,850,Lead Actor
140,321,Lead Actor
37,105,Cameo
81,917,Lead Actor
298,744,Cameo
443,616,Cameo
386,536,Supporting Actor
418,540,Supporting Actor
267,408,Lead Actor
286,311,Cameo
361,982,Lead Actor
213,594,Cameo
409,135,Cameo
251,17,Supporting Actor
17,211,Lead Actor
499,301,Supporting Actor
122,468,Supporting Actor
16,973,Lead Actor
235,486,Lead Actor
20,803,Supporting Actor
132,406,Lead Actor
76,149,Supporting Actor
499,213,Lead Actor
392,567,Supporting Actor
325,32,Supporting Actor
29,720,Cameo
386,882,Lead Actor
364,812,Lead Actor
67,963,Cameo
236,968,Lead Actor
7,133,Cameo
22,399,Supporting Actor
495,679,Lead Actor
5,837,Lead Actor
101,806,Lead Actor
70,594,Lead Actor
347,468,Cameo
320,535,Supporting Actor
175,115,Lead Actor
59,100,Lead Actor
234,647,Lead Actor
218,138,Lead Actor
260,266,Lead Actor
43,747,Supporting Actor
47,901,Supporting Actor
262,5,Supporting Actor
291,767,Supporting Actor
266,371,Lead Actor
491,675,Cameo
458,823,Cameo
149,48,Cameo
391,442,Cameo
381,765,Cameo
272,834,Cameo
66,471,Lead Actor
151,75,Supporting Actor
29,278,Lead Actor
164,888,Cameo
455,293,Cameo
267,289,Cameo
373,787,Supporting Actor
54,897,Lead Actor
414,442,Cameo
492,701,Supporting Actor
131,804,Cameo
110,445,Lead Actor
14,316,Supporting Actor
416,919,Cameo
169,687,Supporting Actor
67,719,Supporting Actor
385,928,Lead Actor
222,520,Supporting Actor
185,189,Supporting Actor
339,418,Cameo
197,767,Cameo
292,231,Supporting Actor
336,302,Supporting Actor
57,185,Supporting Actor
352,489,Supporting Actor
54,46,Lead Actor
66,586,Lead Actor
394,623,Supporting Actor
114,790,Lead Actor
499,120,Supporting Actor
21,372,Lead Actor
117,481,Supporting Actor
55,439,Lead Actor
270,505,Cameo
45,464,Lead Actor
114,922,Cameo
314,332,Lead Actor
1,173,Supporting Actor
453,328,Cameo
126,49,Lead Actor
135,828,Lead Actor
411,191,Lead Actor
463,100,Cameo
108,772,Lead Actor
12,396,Cameo
18,79,Supporting Actor
429,318,Lead Actor
347,123,Lead Actor
389,17,Cameo
154,346,Lead Actor
325,446,Cameo
405,707,Supporting Actor
140,451,Supporting Actor
109,430,Lead Actor
88,606,Cameo
330,355,Lead Actor
434,62,Supporting Actor
336,304,Lead Actor
282,571,Cameo
202,158,Cameo
316,18,Supporting Actor
320,493,Cameo
102,971,Lead Actor
101,837,Cameo
26,736,Supporting Actor
445,488,Cameo
158,774,Cameo
341,560,Supporting Actor
358,52,Lead Actor
499,106,Lead Actor
66,69,Cameo
355,433,Supporting Actor
291,726,Lead Actor
446,546,Cameo
274,870,Lead Actor
295,217,Supporting Actor
449,336,Cameo
426,706,Cameo
340,53,Supporting Actor
327,893,Lead Actor
281,763,Lead Actor
24,119,Lead Actor
246,246,Lead Actor
392,741,Lead Actor
453,536,Lead Actor
350,346,Cameo
240,793,Lead Actor
249,123,Lead Actor
412,369,Cameo
494,654,Cameo
307,509,Lead Actor
106,646,Lead Actor
443,75,Supporting Actor
270,785,Lead Actor
464,938,Lead Actor
203,636,Lead Actor
146,90,Supporting Actor
391,759,Supporting Actor
3,504,Supporting Actor
456,88,Lead Actor
385,121,Supporting Actor
228,256,Lead Actor
448,777,Supporting Actor
105,217,Cameo
486,729,Supporting Actor
421,859,Cameo
420,576,Cameo
491,386,Supporting Actor
340,119,Supporting Actor
438,68,Lead Actor
110,706,Cameo
497,648,Lead Actor
12,35,Cameo
334,651,Lead Actor
444,707,Supporting Actor
71,726,Lead Actor
346,668,Supporting Actor
17,160,Lead Actor
124,239,Supporting Actor
182,267,Lead Actor
53,961,Lead Actor
280,357,Cameo
211,578,Cameo
483,771,Supporting Actor
140,82,Supporting Actor
271,58,Cameo
5,613,Supporting Actor
85,825,Cameo
276,902,Supporting Actor
38,570,Supporting Actor
353,817,Lead Actor
338,738,Cameo
346,721,Lead Actor
245,816,Supporting Actor
416,507,Cameo
409,604,Lead Actor
106,314,Cameo
429,3,Lead Actor
474,181,Supporting Actor
424,2,Lead Actor
134,108,Lead Actor
207,228,Lead Actor
126,7,Cameo
67,979,Supporting Actor
187,379,Lead Actor
53,406,Lead Actor
185,507,Lead Actor
485,856,Cameo
347,555,Supporting Actor
107,152,Lead Actor
341,506,Lead Actor
274,388,Cameo
372,311,Cameo
434,64,Lead Actor
410,852,Lead Actor
465,753,Cameo
285,212,Cameo
386,813,Lead Actor
56,706,Lead Actor
320,733,Cameo
314,370,Cameo
256,689,Cameo
152,540,Supporting Actor
114,314,Lead Actor
480,169,Supporting Actor
11,448,Cameo
179,274,Lead Actor
41,402,Lead Actor
390,179,Cameo
282,540,Cameo
363,305,Lead Actor
399,264,Cameo
416,550,Supporting Actor
223,803,Supporting Actor
491,177,Cameo
429,340,Supporting Actor
47,206,Cameo
149,480,Supporting Actor
321,813,Supporting Actor
64,914,Lead Actor
135,52,Lead Actor
269,113,Supporting Actor
169,677,Cameo
64,204,Lead Actor
494,734,Cameo
310,838,Cameo
121,745,Lead Actor
165,550,Supporting Actor
171,943,Cameo
371,767,Supporting Actor
286,821,Lead Actor
228,15,Supporting Actor
279,11,Cameo
258,395,Lead Actor
324,611,Cameo
268,363,Cameo
483,914,Supporting Actor
202,496,Cameo
161,620,Lead Actor
378,82,Cameo
342,674,Supporting Actor
369,812,Cameo
185,549,Cameo
299,21,Supporting Actor
254,753,Lead Actor
168,908,Supporting Actor
44,818,Supporting Actor
103,482,Lead Actor
24,492,Lead Actor
99,977,Lead Actor
49,716,Lead Actor
267,897,Lead Actor
210,108,Supporting Actor
294,224,Supporting Actor
66,41,Cameo
408,336,Supporting Actor
467,929,Lead Actor
221,659,Lead Actor
274,15,Lead Actor
478,67,Lead Actor
112,875,Lead Actor
16,750,Lead Actor
113,498,Cameo
430,967,Supporting Actor
238,295,Cameo
401,360,Supporting Actor
135,816,Cameo
441,941,Supporting Actor
264,529,Supporting Actor
189,526,Cameo
462,780,Lead Actor
23,474,Lead Actor
423,544,Lead Actor
345,633,Lead Actor
247,498,Supporting Actor
163,276,Lead Actor
294,680,Supporting Actor
48,122,Cameo
238,158,Cameo
64,652,Lead Actor
402,477,Cameo
326,628,Lead Actor
189,726,Supporting Actor
426,965,Lead Actor
74,695,Cameo
415,823,Lead Actor
135,950,Lead Actor
373,556,Cameo
405,9,Cameo
20,582,Supporting Actor
396,809,Cameo
237,470,Supporting Actor
35,300,Supporting Actor
496,450,Supporting Actor
154,290,Cameo
319,863,Lead Actor
393,233,Cameo
137,388,Lead Actor
371,782,Cameo
406,49,Supporting Actor
248,619,Lead Actor
328,370,Supporting Actor
63,277,Cameo
229,589,Lead Actor
149,186,Cameo
329,31,Cameo
204,914,Cameo
470,450,Cameo
353,191,Lead Actor
138,388,Lead Actor
382,550,Lead Actor
425,976,Cameo
254,64,Cameo
270,402,Lead Actor
353,613,Lead Actor
487,170,Supporting Actor
213,651,Lead Actor
149,510,Cameo
131,372,Lead Actor
249,450,Supporting Actor
281,817,Supporting Actor
113,962,Cameo
382,497,Lead Actor
64,544,Supporting Actor
27,980,Supporting Actor
478,791,Lead Actor
75,507,Lead Actor
303,41,Lead Actor
291,981,Supporting Actor
321,905,Lead Actor
236,83,Supporting Actor
128,468,Supporting Actor
90,396,Cameo
134,278,Supporting Actor
440,269,Supporting Actor
9,600,Lead Actor
273,794,Cameo
170,898,Lead Actor
471,215,Lead Actor
493,377,Supporting Actor
91,921,Supporting Actor
167,813,Lead Actor
88,464,Supporting Actor
52,83,Lead Actor
211,977,Lead Actor
451,777,Supporting Actor
67,154,Supporting Actor
449,321,Supporting Actor
352,928,Supporting Actor
2,748,Lead Actor
144,224,Cameo
156,434,Supporting Actor
172,151,Supporting Actor
150,285,Cameo
141,681,Supporting Actor
226,500,Cameo
293,20,Supporting Actor
185,708,Cameo
124,249,Lead Actor
324,782,Cameo
108,718,Supporting Actor
214,571,Lead Actor
477,429,Lead Actor
37,85,Cameo
100,810,Lead Actor
285,429,Supporting Actor
206,493,Cameo
138,488,Cameo
181,469,Supporting Actor
169,668,Lead Actor
375,260,Cameo
310,917,Cameo
439,803,Lead Actor
334,837,Cameo
331,663,Supporting Actor
27,157,Supporting Actor
351,354,Cameo
385,740,Lead Actor
377,208,Supporting Actor
223,198,Lead Actor
450,81,Supporting Actor
22,87,Lead Actor
229,477,Supporting Actor
487,915,Lead Actor
210,285,Cameo
97,859,Supporting Actor
496,508,Lead Actor
68,225,Supporting Actor
316,816,Supporting Actor
469,828,Lead Actor
18,628,Cameo
245,138,Cameo
429,95,Lead Actor
297,894,Lead Actor
354,683,Lead Actor
217,145,Supporting Actor
81,577,Cameo
10,940,Supporting Actor
178,374,Lead Actor
245,429,Cameo
349,2,Cameo
433,136,Supporting Actor
75,535,Cameo
271,960,Supporting Actor
377,499,Cameo
281,229,Lead Actor
68,28,Lead Actor
215,337,Lead Actor
224,418,Cameo
381,166,Supporting Actor
206,87,Cameo
173,536,Supporting Actor
474,554,Cameo
284,319,Supporting Actor
254,271,Lead Actor
443,172,Lead Actor
393,506,Lead Actor
32,634,Supporting Actor
11,645,Supporting Actor
242,739,Lead Actor
473,846,Supporting Actor
249,844,Lead Actor
203,618,Cameo
231,499,Cameo
468,918,Cameo
399,974,Cameo
202,953,Cameo
79,312,Supporting Actor
335,537,Supporting Actor
101,786,Cameo
306,866,Cameo
201,625,Supporting Actor
326,69,Supporting Actor
228,404,Cameo
17,438,Lead Actor
70,197,Cameo
397,78,Supporting Actor
99,31,Supporting Actor
382,19,Supporting Actor
470,664,Supporting Actor
19,408,Lead Actor
484,494,Supporting Actor
281,299,Lead Actor
407,183,Supporting Actor
308,486,Lead Actor
499,495,Lead Actor
494,451,Supporting Actor
455,876,Lead Actor
53,679,Lead Actor
110,245,Supporting Actor
154,963,Lead Actor
57,604,Lead Actor
498,586,Cameo
159,386,Supporting Actor
483,581,Supporting Actor
77,668,Lead Actor
223,769,Cameo
6,252,Lead Actor
340,501,Cameo
469,642,Cameo
286,454,Cameo
446,652,Supporting Actor
426,583,Supporting Actor
32,980,Cameo
243,968,Supporting Actor
23,513,Lead Actor
332,563,Supporting Actor
440,648,Lead Actor
419,419,Cameo
32,988,Cameo
34,97,Cameo
100,1,Lead Actor
25,879,Supporting Actor
175,427,Cameo
18,420,Cameo
428,112,Cameo
302,512,Supporting Actor
406,572,Lead Actor
215,403,Cameo
54,779,Cameo
30,579,Cameo
231,657,Supporting Actor
61,107,Cameo
232,385,Cameo
105,764,Supporting Actor
315,91,Lead Actor
11,531,Cameo
156,740,Lead Actor
326,899,Lead Actor
421,696,Lead Actor
354,607,Supporting Actor
240,690,Cameo
455,874,Cameo
264,397,Supporting Actor
465,779,Supporting Actor
309,644,Cameo
284,831,Supporting Actor
74,148,Lead Actor
272,909,Supporting Actor
396,219,Lead Actor
254,41,Cameo
305,883,Supporting Actor
72,923,Lead Actor
473,397,Supporting Actor
80,804,Lead Actor
142,407,Cameo
462,882,Supporting Actor
293,128,Lead Actor
344,223,Cameo
266,577,Supporting Actor
358,384,Supporting Actor
349,269,Lead Actor
215,952,Lead Actor
437,123,Lead Actor
94,24,Cameo
321,332,Lead Actor
392,808,Lead Actor
340,345,Supporting Actor
261,404,Supporting Actor
372,407,Lead Actor
252,397,Cameo
486,312,Lead Actor
203,168,Cameo
214,895,Lead Actor
2,704,Cameo
151,370,Supporting Actor
79,365,Supporting Actor
165,315,Cameo
187,888,Cameo
174,414,Lead Actor
432,368,Supporting Actor
278,682,Supporting Actor
318,594,Supporting Actor
249,185,Lead Actor
396,158,Cameo
116,10,Supporting Actor
415,531,Lead Actor
488,892,Supporting Actor
196,990,Cameo
229,520,Cameo
96,772,Lead Actor
479,267,Supporting Actor
328,395,Supporting Actor
46,765,Lead Actor
336,190,Cameo
477,145,Supporting Actor
220,487,Cameo
18,912,Lead Actor
495,749,Supporting Actor
396,273,Supporting Actor
105,11,Supporting Actor
398,321,Cameo
297,400,Cameo
467,667,Supporting Actor
119,920,Lead Actor
497,742,Cameo
223,926,Lead Actor
52,123,Cameo
68,66,Lead Actor
413,190,Cameo
407,978,Supporting Actor
230,898,Cameo
242,516,Supporting Actor
406,889,Supporting Actor
340,401,Cameo
464,187,Lead Actor
57,395,Supporting Actor
478,564,Supporting Actor
463,68,Supporting Actor
431,743,Cameo
389,113,Cameo
22,364,Cameo
421,545,Lead Actor
377,656,Supporting Actor
139,327,Cameo
238,919,Supporting Actor
46,761,Lead Actor
404,383,Supporting Actor
137,336,Cameo
454,835,Cameo
134,569,Cameo
351,482,Supporting Actor
359,440,Supporting Actor
358,699,Supporting Actor
363,417,Supporting Actor
18,566,Cameo
164,181,Supporting Actor
181,935,Cameo
220,996,Supporting Actor
250,297,Supporting Actor
303,539,Supporting Actor
268,415,Lead Actor
18,825,Cameo
226,66,Cameo
466,89,Lead Actor
463,630,Supporting Actor
378,540,Lead Actor
271,87,Cameo
324,348,Lead Actor
123,364,Cameo
97,651,Lead Actor
246,988,Cameo
71,645,Cameo
486,104,Supporting Actor
245,329,Lead Actor
208,717,Lead Actor
180,675,Lead Actor
345,694,Lead Actor
81,135,Cameo
25,899,Lead Actor
437,701,Cameo
399,884,Lead Actor
200,607,Supporting Actor
380,655,Lead Actor
39,968,Lead Actor
2,415,Lead Actor
498,252,Lead Actor
216,70,Supporting Actor
136,927,Supporting Actor
334,307,Cameo
413,234,Supporting Actor
359,784,Supporting Actor
372,119,Supporting Actor
197,778,Supporting Actor
461,263,Lead Actor
46,948,Cameo
329,518,Supporting Actor
105,847,Cameo
199,649,Cameo
18,435,Supporting Actor
480,678,Supporting Actor
371,537,Cameo
232,677,Supporting Actor
64,973,Supporting Actor
352,778,Lead Actor
83,290,Cameo
271,175,Cameo
103,631,Lead Actor
65,739,Cameo
390,890,Cameo
335,676,Supporting Actor
277,476,Lead Actor
104,863,Lead Actor
205,488,Supporting Actor
136,817,Cameo
408,637,Cameo
140,252,Supporting Actor
159,619,Cameo
351,92,Cameo
42,452,Cameo
340,803,Lead Actor
402,695,Lead Actor
24,378,Lead Actor
125,871,Lead Actor
234,668,Cameo
25,912,Cameo
1,311,Supporting Actor
36,777,Cameo
222,591,Cameo
273,743,Supporting Actor
475,512,Supporting Actor
383,180,Supporting Actor
196,180,Lead Actor
300,177,Cameo
156,661,Lead Actor
161,945,Supporting Actor
373,446,Lead Actor
387,110,Supporting Actor
213,239,Cameo
237,61,Cameo
336,84,Cameo
259,859,Cameo
323,961,Supporting Actor
81,881,Cameo
13,121,Lead Actor
215,533,Lead Actor
243,736,Supporting Actor
245,497,Supporting Actor
184,185,Lead Actor
196,640,Supporting Actor
406,64,Lead Actor
199,11,Supporting Actor
140,107,Supporting Actor
209,677,Supporting Actor
15,83,Supporting Actor
393,797,Lead Actor
234,823,Supporting Actor
497,507,Lead Actor
390,640,Cameo
432,359,Supporting Actor
337,683,Lead Actor
479,708,Cameo
95,662,Lead Actor
356,698,Supporting Actor
262,589,Supporting Actor
146,151,Supporting Actor
396,230,Cameo
395,544,Supporting Actor
88,770,Cameo
224,481,Lead Actor
376,971,Cameo
89,670,Lead Actor
143,628,Cameo
249,581,Lead Actor
183,525,Cameo
316,953,Supporting Actor
374,515,Supporting Actor
48,472,Lead Actor
296,27,Supporting Actor
397,153,Lead Actor
480,394,Cameo
171,742,Cameo
276,97,Supporting Actor
43,857,Cameo
166,636,Supporting Actor
377,393,Supporting Actor
335,354,Cameo
277,935,Supporting Actor
142,500,Supporting Actor
329,529,Lead Actor
415,958,Cameo
42,674,Supporting Actor
411,938,Supporting Actor
211,558,Lead Actor
410,950,Supporting Actor
394,343,Lead Actor
132,748,Supporting Actor
273,970,Cameo
186,897,Lead Actor
39,663,Lead Actor
433,285,Supporting Actor
500,73,Lead Actor
203,937,Lead Actor
447,71,Supporting Actor
498,308,Lead Actor
48,636,Cameo
166,698,Lead Actor
149,769,Cameo
157,285,Supporting Actor
365,245,Supporting Actor
133,961,Lead Actor
30,877,Lead Actor
287,109,Supporting Actor
160,147,Supporting Actor
406,383,Cameo
233,692,Supporting Actor
91,183,Cameo
320,721,Supporting Actor
149,667,Supporting Actor
78,449,Cameo
443,812,Lead Actor
119,4,Lead Actor
276,136,Cameo
84,96,Lead Actor
48,86,Supporting Actor
188,507,Lead Actor
85,166,Supporting Actor
446,395,Cameo
75,442,Lead Actor
220,615,Supporting Actor
377,743,Lead Actor
361,376,Supporting Actor
16,585,Supporting Actor
256,10,Supporting Actor
145,930,Supporting Actor
61,845,Lead Actor
352,436,Supporting Actor
403,364,Supporting Actor
449,594,Cameo
313,541,Cameo
337,589,Supporting Actor
346,326,Supporting Actor
240,296,Supporting Actor
82,259,Cameo
133,848,Supporting Actor
76,671,Supporting Actor
359,644,Supporting Actor
87,258,Lead Actor
317,221,Lead Actor
356,966,Cameo
457,233,Supporting Actor
367,496,Lead Actor
118,316,Lead Actor
337,312,Cameo
329,398,Cameo
103,694,Lead Actor
255,99,Lead Actor
199,44,Supporting Actor
181,448,Lead Actor
90,940,Supporting Actor
223,725,Supporting Actor
456,193,Lead Actor
497,768,Cameo
348,577,Lead Actor
365,144,Cameo
255,588,Supporting Actor
474,121,Lead Actor
122,128,Lead Actor
334,141,Cameo
18,987,Lead Actor
479,444,Supporting Actor
169,67,Supporting Actor
106,17,Cameo
489,357,Lead Actor
127,503,Cameo
495,430,Cameo
75,611,Cameo
148,92,Supporting Actor
260,32,Supporting Actor
92,143,Supporting Actor
268,509,Supporting Actor
10,176,Lead Actor
450,196,Supporting Actor
464,392,Lead Actor
62,774,Lead Actor
205,105,Lead Actor
346,809,Lead Actor
57,63,Supporting Actor
175,846,Cameo
133,339,Supporting Actor
338,599,Supporting Actor
14,248,Supporting Actor
241,315,Supporting Actor
305,812,Cameo
186,658,Lead Actor
84,160,Lead Actor
181,380,Supporting Actor
209,265,Cameo
304,863,Supporting Actor
153,22,Supporting Actor
150,767,Lead Actor
237,374,Supporting Actor
199,357,Cameo
354,850,Cameo
487,874,Supporting Actor
198,903,Supporting Actor
351,345,Supporting Actor
293,258,Supporting Actor
132,209,Cameo
309,370,Cameo
344,383,Cameo
321,462,Cameo
335,524,Cameo
311,264,Lead Actor
461,578,Lead Actor
63,430,Supporting Actor
118,878,Cameo
77,298,Lead Actor
27,54,Cameo
174,705,Cameo
167,719,Cameo
154,109,Cameo
191,454,Cameo
90,775,Cameo
121,798,Cameo
226,314,Cameo
453,158,Cameo
234,284,Supporting Actor
272,139,Supporting Actor
13,451,Lead Actor
154,971,Supporting Actor
280,689,Cameo
78,6,Supporting Actor
65,45,Lead Actor
463,85,Supporting Actor
418,498,Cameo
198,106,Supporting Actor
243,728,Lead Actor
97,582,Supporting Actor
93,738,Lead Actor
223,142,Cameo
207,680,Supporting Actor
139,987,Cameo
298,332,Lead Actor
203,619,Cameo
448,153,Lead Actor
375,854,Cameo
375,302,Supporting Actor
251,14,Supporting Actor
311,833,Supporting Actor
358,475,Lead Actor
207,721,Cameo
369,906,Supporting Actor
127,442,Cameo
422,248,Supporting Actor
141,969,Lead Actor
170,589,Supporting Actor
370,394,Supporting Actor
498,971,Lead Actor
8,540,Cameo
412,469,Lead Actor
467,800,Supporting Actor
489,576,Lead Actor
43,350,Cameo
296,108,Supporting Actor
156,560,Cameo
144,916,Cameo
273,56,Supporting Actor
207,186,Cameo
62,212,Lead Actor
430,448,Supporting Actor
394,850,Supporting Actor
55,1,Cameo
185,918,Supporting Actor
172,353,Lead Actor
305,953,Lead Actor
133,474,Cameo
420,605,Cameo
166,432,Cameo
273,839,Supporting Actor
140,770,Cameo
133,981,Cameo
375,248,Lead Actor
461,733,Lead Actor
311,99,Supporting Actor
224,450,Cameo
324,693,Cameo
232,980,Cameo
240,69,Supporting Actor
472,282,Cameo
224,468,Cameo
248,984,Supporting Actor
405,386,Supporting Actor
469,999,Lead Actor
14,982,Supporting Actor
74,733,Supporting Actor
177,916,Cameo
479,377,Lead Actor
45,403,Supporting Actor
385,868,Supporting Actor
270,626,Lead Actor
231,211,Lead Actor
9,992,Supporting Actor
164,750,Supporting Actor
128,20,Supporting Actor
152,815,Supporting Actor
291,822,Supporting Actor
257,740,Supporting Actor
122,750,Supporting Actor
266,695,Lead Actor
156,105,Supporting Actor
225,433,Cameo
243,605,Supporting Actor
389,552,Lead Actor
380,919,Cameo
424,403,Supporting Actor
306,113,Supporting Actor
265,896,Cameo
361,561,Lead Actor
119,45,Lead Actor
314,992,Supporting Actor
19,217,Supporting Actor
224,571,Lead Actor
364,265,Lead Actor
89,873,Lead Actor
190,781,Lead Actor
35,254,Lead Actor
481,437,Lead Actor
173,763,Cameo
22,692,Cameo
102,921,Supporting Actor
370,548,Supporting Actor
89,829,Cameo
444,442,Supporting Actor
396,458,Lead Actor
292,105,Cameo
294,883,Lead Actor
417,719,Cameo
229,491,Lead Actor
105,232,Cameo
187,308,Supporting Actor
293,729,Lead Actor
260,406,Supporting Actor
166,15,Supporting Actor
429,578,Supporting Actor
404,230,Lead Actor
464,770,Supporting Actor
120,823,Lead Actor
346,869,Cameo
175,114,Cameo
233,135,Cameo
149,907,Cameo
80,648,Cameo
414,119,Lead Actor
31,201,Cameo
248,350,Supporting Actor
291,148,Lead Actor
280,549,Cameo
246,802,Supporting Actor
278,750,Cameo
50,195,Lead Actor
383,193,Supporting Actor
244,353,Cameo
371,523,Cameo
37,70,Supporting Actor
279,678,Supporting Actor
448,686,Cameo
38,209,Supporting Actor
12,79,Supporting Actor
37,671,Cameo
493,582,Supporting Actor
186,693,Cameo
227,450,Lead Actor
171,848,Supporting Actor
235,519,Lead Actor
305,105,Cameo
375,138,Cameo
90,432,Supporting Actor
438,306,Cameo
345,715,Lead Actor
419,912,Cameo
199,972,Lead Actor
267,537,Supporting Actor
46,415,Cameo
260,510,Supporting Actor
203,470,Cameo
441,531,Cameo
274,906,Supporting Actor
281,611,Supporting Actor
437,912,Supporting Actor
474,929,Cameo
339,29,Cameo
115,534,Lead Actor
116,920,Cameo
129,320,Cameo
27,171,Lead Actor
218,356,Supporting Actor
119,43,Lead Actor
135,832,Lead Actor
386,374,Supporting Actor
298,486,Lead Actor
428,835,Supporting Actor
290,242,Cameo
152,720,Supporting Actor
115,736,Supporting Actor
462,305,Lead Actor
264,760,Lead Actor
490,418,Supporting Actor
347,594,Supporting Actor
160,456,Lead Actor
395,681,Cameo
151,673,Cameo
258,948,Lead Actor
317,945,Supporting Actor
208,289,Lead Actor
41,736,Supporting Actor
482,693,Cameo
333,952,Cameo
364,570,Supporting Actor
141,898,Supporting Actor
283,682,Cameo
17,467,Supporting Actor
381,820,Cameo
350,170,Supporting Actor
476,731,Cameo
320,484,Lead Actor
346,893,Supporting Actor
73,84,Cameo
195,243,Cameo
379,102,Cameo
490,324,Cameo
81,759,Supporting Actor
479,25,Supporting Actor
220,253,Cameo
107,87,Supporting Actor
52,940,Lead Actor
193,121,Cameo
175,107,Lead Actor
465,321,Lead Actor
103,947,Lead Actor
90,947,Lead Actor
82,491,Lead Actor
479,828,Lead Actor
215,566,Cameo
114,239,Supporting Actor
384,477,Cameo
126,129,Supporting Actor
76,197,Lead Actor
52,884,Supporting Actor
234,126,Cameo
406,330,Supporting Actor
127,628,Cameo
126,596,Supporting Actor
142,133,Supporting Actor
63,81,Supporting Actor
299,16,Cameo
91,42,Lead Actor
84,764,Cameo
140,665,Lead Actor
190,611,Lead Actor
480,253,Cameo
352,813,Lead Actor
301,264,Cameo
417,308,Lead Actor
281,101,Supporting Actor
345,751,Cameo
3,567,Cameo
431,556,Lead Actor
333,567,Cameo
417,85,Lead Actor
484,705,Supporting Actor
453,401,Cameo
69,1000,Supporting Actor
284,584,Supporting Actor
246,667,Cameo
169,772,Lead Actor
332,248,Cameo
335,646,Lead Actor
308,910,Lead Actor
95,979,Cameo
273,897,Cameo
481,942,Lead Actor
17,523,Cameo
202,186,Lead Actor
431,852,Supporting Actor
112,64,Lead Actor
179,481,Lead Actor
154,56,Supporting Actor
488,241,Supporting Actor
284,51,Lead Actor
425,848,Supporting Actor
210,347,Lead Actor
46,883,Lead Actor
149,844,Cameo
53,108,Supporting Actor
201,324,Cameo
436,991,Lead Actor
327,410,Cameo
339,203,Lead Actor
156,379,Cameo
310,101,Supporting Actor
256,76,Lead Actor
458,653,Supporting Actor
211,993,Lead Actor
42,917,Lead Actor
362,979,Cameo
396,26,Cameo
18,400,Cameo
463,551,Cameo
302,182,Cameo
342,52,Cameo
166,420,Lead Actor
492,558,Cameo
271,41,Cameo
332,377,Lead Actor
329,259,Cameo
471,758,Cameo
97,767,Supporting Actor
85,969,Supporting Actor
324,716,Cameo
375,5,Lead Actor
419,109,Supporting Actor
191,21,Cameo
208,694,Lead Actor
66,247,Supporting Actor
245,624,Lead Actor
220,420,Lead Actor
317,397,Lead Actor
95,690,Cameo
235,318,Cameo
123,640,Supporting Actor
250,385,Supporting Actor
21,435,Cameo
500,658,Cameo
81,874,Supporting Actor
312,322,Cameo
306,451,Cameo
223,45,Supporting Actor
340,18,Cameo
377,644,Lead Actor
160,707,Lead Actor
248,612,Cameo
22,355,Cameo
333,892,Cameo
361,13,Cameo
467,417,Cameo
232,376,Supporting Actor
348,729,Supporting Actor
339,757,Lead Actor
231,443,Lead Actor
177,811,Lead Actor
240,673,Cameo
160,218,Cameo
219,538,Supporting Actor
55,841,Lead Actor
439,850,Supporting Actor
292,743,Cameo
267,693,Cameo
27,979,Lead Actor
421,619,Lead Actor
113,200,Supporting Actor
8,154,Supporting Actor
64,874,Supporting Actor
412,924,Lead Actor
433,195,Lead Actor
75,796,Cameo
263,523,Lead Actor
276,143,Supporting Actor
454,968,Supporting Actor
107,540,Supporting Actor
408,976,Supporting Actor
242,366,Supporting Actor
204,831,Cameo
263,543,Supporting Actor
470,818,Cameo
118,935,Supporting Actor
377,885,Cameo
261,5,Supporting Actor
48,784,Supporting Actor
30,446,Cameo
347,389,Cameo
454,500,Lead Actor
266,358,Lead Actor
328,431,Lead Actor
180,627,Cameo
87,7,Cameo
478,271,Cameo
210,395,Lead Actor
176,876,Supporting Actor
310,836,Lead Actor
229,934,Cameo
53,339,Cameo
349,371,Supporting Actor
483,515,Lead Actor
179,247,Supporting Actor
130,960,Cameo
460,92,Lead Actor
159,877,Supporting Actor
410,971,Cameo
412,73,Cameo
354,173,Lead Actor
30,265,Supporting Actor
61,590,Supporting Actor
265,736,Cameo
114,507,Lead Actor
193,399,Cameo
312,46,Lead Actor
123,987,Lead Actor
398,326,Supporting Actor
309,672,Cameo
33,312,Cameo
413,586,Lead Actor
471,341,Lead Actor
175,102,Lead Actor
157,557,Supporting Actor
121,470,Cameo
104,258,Cameo
145,389,Lead Actor
215,990,Lead Actor
467,935,Supporting Actor
147,863,Lead Actor
477,268,Lead Actor
276,675,Supporting Actor
409,168,Supporting Actor
273,142,Supporting Actor
39,746,Lead Actor
141,749,Cameo
331,885,Lead Actor
184,154,Supporting Actor
488,330,Supporting Actor
113,538,Cameo
77,361,Lead Actor
390,762,Supporting Actor
54,657,Cameo
319,427,Supporting Actor
147,249,Lead Actor
373,193,Cameo
138,941,Cameo
317,673,Cameo
103,677,Cameo
365,378,Cameo
24,840,Supporting Actor
279,591,Lead Actor
379,506,Supporting Actor
382,343,Supporting Actor
473,546,Cameo
391,132,Supporting Actor
344,376,Cameo
206,514,Cameo
102,373,Cameo
162,605,Supporting Actor
81,215,Cameo
70,640,Cameo
50,818,Cameo
9,116,Lead Actor
329,932,Cameo
384,831,Supporting Actor
67,5,Supporting Actor
459,389,Lead Actor
91,119,Cameo
430,353,Lead Actor
493,686,Cameo
358,806,Supporting Actor
387,606,Cameo
145,875,Lead Actor
206,494,Cameo
300,966,Lead Actor
205,979,Cameo
336,473,Cameo
464,468,Supporting Actor
86,959,Lead Actor
454,715,Supporting Actor
387,437,Cameo
75,225,Lead Actor
430,320,Cameo
90,617,Cameo
99,836,Supporting Actor
35,36,Lead Actor
352,113,Supporting Actor
204,453,Lead Actor
41,877,Lead Actor
191,921,Supporting Actor
381,882,Supporting Actor
351,552,Lead Actor
475,87,Cameo
215,515,Lead Actor
251,192,Supporting Actor
177,359,Lead Actor
329,600,Cameo
4,732,Supporting Actor
440,319,Supporting Actor
73,772,Cameo
359,677,Supporting Actor
141,909,Supporting Actor
461,496,Supporting Actor
277,214,Supporting Actor
266,178,Cameo
76,857,Supporting Actor
468,614,Lead Actor
2,999,Lead Actor
334,468,Supporting Actor
198,480,Cameo
275,781,Cameo
388,728,Supporting Actor
298,322,Cameo
429,987,Supporting Actor
287,982,Lead Actor
450,955,Supporting Actor
73,254,Supporting Actor
438,952,Supporting Actor
164,680,Cameo
126,378,Cameo
300,403,Lead Actor
7,829,Supporting Actor
181,71,Supporting Actor
137,889,Cameo
187,19,Lead Actor
366,880,Supporting Actor
178,891,Supporting Actor
82,223,Cameo
70,935,Supporting Actor
113,575,Lead Actor
234,404,Lead Actor
90,998,Cameo
352,953,Cameo
153,196,Lead Actor
492,201,Supporting Actor
84,45,Cameo
182,843,Lead Actor
203,660,Cameo
76,404,Supporting Actor
322,177,Cameo
355,873,Lead Actor
196,184,Cameo
471,711,Lead Actor
56,617,Cameo
389,251,Lead Actor
229,815,Supporting Actor
30,646,Lead Actor
47,852,Supporting Actor
243,370,Supporting Actor
65,982,Cameo
339,515,Supporting Actor
391,980,Cameo
218,518,Supporting Actor
52,424,Supporting Actor
379,123,Supporting Actor
118,108,Lead Actor
182,551,Supporting Actor
329,921,Supporting Actor
367,36,Supporting Actor
181,455,Lead Actor
296,537,Supporting Actor
417,246,Cameo
332,113,Cameo
464,671,Cameo
215,267,Lead Actor
453,511,Supporting Actor
262,586,Cameo
11,544,Lead Actor
392,163,Lead Actor
452,813,Lead Actor
234,216,Lead Actor
487,471,Cameo
37,222,Supporting Actor
341,408,Cameo
255,707,Cameo
304,818,Lead Actor
207,854,Supporting Actor
369,298,Cameo
79,348,Cameo
307,283,Supporting Actor
496,62,Lead Actor
199,562,Cameo
220,931,Lead Actor
319,117,Supporting Actor
15,272,Lead Actor
250,627,Supporting Actor
405,189,Supporting Actor
498,486,Supporting Actor
166,133,Lead Actor
482,102,Cameo
284,927,Lead Actor
251,276,Supporting Actor
463,733,Supporting Actor
317,838,Cameo
478,902,Cameo
340,477,Supporting Actor
9,904,Supporting Actor
111,318,Lead Actor
42,548,Supporting Actor
296,476,Supporting Actor
269,268,Lead Actor
292,797,Cameo
79,821,Supporting Actor
24,128,Lead Actor
42,889,Lead Actor
361,413,Lead Actor
316,480,Cameo
448,680,Lead Actor
242,969,Supporting Actor
307,165,Lead Actor
450,148,Supporting Actor
30,202,Supporting Actor
405,59,Lead Actor
487,932,Cameo
188,578,Supporting Actor
159,339,Cameo
478,982,Supporting Actor
410,36,Supporting Actor
483,154,Supporting Actor
126,31,Supporting Actor
410,776,Supporting Actor
41,439,Supporting Actor
284,849,Supporting Actor
95,46,Cameo
303,251,Supporting Actor
425,731,Supporting Actor
456,783,Lead Actor
423,781,Cameo
474,404,Cameo
339,674,Lead Actor
38,584,Cameo
158,950,Supporting Actor
474,546,Supporting Actor
459,429,Lead Actor
454,932,Cameo
233,730,Cameo
14,995,Cameo
478,596,Lead Actor
256,644,Lead Actor
446,949,Supporting Actor
433,851,Supporting Actor
209,469,Supporting Actor
385,808,Supporting Actor
459,231,Lead Actor
471,984,Cameo
333,462,Cameo
318,245,Lead Actor
57,975,Cameo
101,598,Supporting Actor
30,481,Lead Actor
318,1,Lead Actor
343,875,Supporting Actor
385,324,Lead Actor
468,257,Supporting Actor
464,235,Supporting Actor
299,54,Lead Actor
492,224,Supporting Actor
307,144,Supporting Actor
236,304,Cameo
244,747,Cameo
64,684,Lead Actor
444,390,Lead Actor
471,868,Lead Actor
245,534,Cameo
419,59,Cameo
10,40,Lead Actor
32,69,Lead Actor
157,279,Supporting Actor
491,148,Supporting Actor
308,678,Lead Actor
395,440,Lead Actor
439,325,Lead Actor
452,509,Supporting Actor
271,970,Cameo
122,660,Cameo
422,875,Cameo
6,319,Cameo
114,460,Supporting Actor
379,554,Cameo
377,124,Cameo
161,407,Cameo
454,635,Lead Actor
281,756,Supporting Actor
269,492,Supporting Actor
459,955,Supporting Actor
8,164,Cameo
173,586,Lead Actor
269,65,Lead Actor
243,45,Lead Actor
81,361,Supporting Actor
385,787,Lead Actor
140,143,Cameo
483,45,Supporting Actor
162,399,Cameo
147,170,Lead Actor
370,370,Supporting Actor
204,604,Supporting Actor
486,51,Supporting Actor
444,838,Supporting Actor
227,196,Supporting Actor
242,129,Lead Actor
186,919,Cameo
459,992,Supporting Actor
342,469,Lead Actor
284,357,Supporting Actor
129,765,Cameo
239,537,Lead Actor
218,48,Lead Actor
212,533,Supporting Actor
201,436,Lead Actor
27,132,Cameo
334,904,Lead Actor
453,598,Lead Actor
57,988,Supporting Actor
255,780,Lead Actor
358,73,Cameo
450,675,Cameo
298,616,Cameo
332,337,Lead Actor
478,145,Cameo
360,385,Cameo
37,389,Supporting Actor
302,43,Lead Actor
224,505,Supporting Actor
127,558,Lead Actor
3,594,Cameo
443,963,Cameo
300,75,Lead Actor
116,844,Supporting Actor
160,377,Supporting Actor
444,669,Lead Actor
313,636,Supporting Actor
432,566,Supporting Actor
296,338,Cameo
228,162,Supporting Actor
468,661,Lead Actor
117,615,Cameo
126,594,Lead Actor
316,17,Supporting Actor
11,56,Lead Actor
266,826,Cameo
266,762,Cameo
152,14,Supporting Actor
86,478,Lead Actor
470,474,Cameo
426,460,Lead Actor
304,496,Cameo
398,968,Supporting Actor
215,854,Supporting Actor
458,289,Supporting Actor
47,26,Cameo
168,327,Lead Actor
340,126,Cameo
347,107,Lead Actor
331,17,Lead Actor
242,180,Cameo
329,355,Supporting Actor
350,364,Cameo
128,347,Cameo
26,143,Supporting Actor
316,225,Supporting Actor
182,263,Supporting Actor
166,270,Cameo
4,784,Supporting Actor
85,446,Lead Actor
127,273,Supporting Actor
103,248,Lead Actor
82,217,Lead Actor
387,179,Cameo
149,930,Lead Actor
203,869,Lead Actor
313,739,Supporting Actor
201,892,Lead Actor
158,223,Cameo
490,184,Lead Actor
27,507,Supporting Actor
309,757,Lead Actor
455,80,Lead Actor
311,247,Supporting Actor
58,72,Supporting Actor
376,911,Lead Actor
327,492,Lead Actor
121,148,Cameo
302,16,Lead Actor
100,360,Lead Actor
86,855,Supporting Actor
15,509,Cameo
349,47,Supporting Actor
210,455,Lead Actor
458,413,Lead Actor
387,999,Supporting Actor
379,91,Supporting Actor
499,248,Cameo
436,183,Lead Actor
490,557,Cameo
478,299,Supporting Actor
23,242,Cameo
365,726,Lead Actor
67,976,Lead Actor
390,204,Supporting Actor
374,461,Lead Actor
8,483,Lead Actor
48,443,Cameo
443,581,Lead Actor
371,991,Supporting Actor
126,81,Supporting Actor
333,479,Supporting Actor
19,748,Lead Actor
155,249,Lead Actor
441,676,Lead Actor
24,345,Supporting Actor
155,133,Cameo
342,613,Cameo
92,157,Supporting Actor
420,921,Supporting Actor
54,678,Lead Actor
497,26,Lead Actor
487,783,Lead Actor
440,998,Cameo
255,174,Supporting Actor
436,984,Lead Actor
312,519,Cameo
473,277,Supporting Actor
17,669,Cameo
451,365,Supporting Actor
405,196,Lead Actor
352,827,Supporting Actor
367,261,Cameo
290,787,Lead Actor
120,500,Supporting Actor
420,580,Lead Actor
367,712,Supporting Actor
1,390,Supporting Actor
63,673,Lead Actor
162,406,Supporting Actor
136,795,Cameo
240,452,Lead Actor
20,415,Lead Actor
453,71,Cameo
172,816,Cameo
141,247,Cameo
84,930,Lead Actor
112,918,Supporting Actor
5,319,Lead Actor
277,464,Supporting Actor
38,84,Cameo
67,830,Supporting Actor
103,973,Lead Actor
24,624,Lead Actor
89,354,Lead Actor
349,354,Lead Actor
365,365,Lead Actor
74,432,Lead Actor
176,740,Cameo
253,681,Supporting Actor
4,172,Cameo
232,546,Supporting Actor
34,666,Supporting Actor
24,792,Lead Actor
93,879,Supporting Actor
197,89,Cameo
222,251,Supporting Actor
316,536,Cameo
423,689,Cameo
29,100,Lead Actor
410,572,Supporting Actor
376,666,Lead Actor
33,521,Cameo
25,432,Lead Actor
452,841,Lead Actor
107,382,Supporting Actor
122,999,Lead Actor
31,513,Lead Actor
246,417,Supporting Actor
252,986,Cameo
188,360,Cameo
107,771,Lead Actor
347,429,Cameo
400,654,Lead Actor
367,65,Supporting Actor
176,234,Cameo
422,376,Cameo
122,676,Supporting Actor
177,768,Cameo
140,837,Cameo
431,589,Cameo
496,634,Supporting Actor
152,617,Cameo
478,752,Supporting Actor
16,739,Cameo
213,936,Cameo
144,66,Lead Actor
123,199,Lead Actor
172,567,Lead Actor
304,344,Lead Actor
362,795,Cameo
200,720,Cameo
236,910,Supporting Actor
109,928,Cameo
453,963,Lead Actor
243,202,Supporting Actor
356,787,Lead Actor
260,18,Supporting Actor
1,365,Supporting Actor
270,417,Lead Actor
468,717,Supporting Actor
421,548,Supporting Actor
106,159,Supporting Actor
332,893,Cameo
286,250,Supporting Actor
20,835,Supporting Actor
499,611,Cameo
297,683,Cameo
494,671,Cameo
68,912,Lead Actor
300,396,Lead Actor
36,33,Lead Actor
127,48,Supporting Actor
405,927,Supporting Actor
95,554,Cameo
114,5,Cameo
431,143,Lead Actor
357,72,Supporting Actor
331,557,Cameo
104,308,Lead Actor
259,63,Cameo
115,25,Lead Actor
159,974,Lead Actor
426,470,Lead Actor
429,111,Cameo
72,214,Supporting Actor
301,68,Lead Actor
347,491,Cameo
367,569,Cameo
87,659,Supporting Actor
190,549,Lead Actor
264,598,Lead Actor
65,774,Cameo
199,372,Lead Actor
479,268,Lead Actor
73,833,Lead Actor
298,852,Cameo
366,732,Lead Actor
209,672,Cameo
334,158,Lead Actor
60,190,Lead Actor
20,134,Supporting Actor
401,400,Supporting Actor
430,684,Cameo
360,8,Lead Actor
262,732,Lead Actor
120,219,Supporting Actor
113,677,Cameo
311,983,Lead Actor
393,3,Cameo
345,920,Lead Actor
481,372,Lead Actor
486,372,Supporting Actor
364,56,Lead Actor
208,82,Cameo
52,13,Supporting Actor
143,921,Lead Actor
209,748,Cameo
163,612,Supporting Actor
362,442,Cameo
319,243,Cameo
403,258,Cameo
100,130,Cameo
485,231,Supporting Actor
239,885,Cameo
127,526,Cameo
41,371,Cameo
146,950,Supporting Actor
156,589,Supporting Actor
447,54,Cameo
112,533,Supporting Actor
291,681,Supporting Actor
19,515,Cameo
194,383,Cameo
361,140,Cameo
14,589,Supporting Actor
314,412,Lead Actor
279,96,Cameo
228,332,Cameo
227,537,Supporting Actor
283,487,Lead Actor
463,494,Supporting Actor
86,488,Supporting Actor
257,587,Cameo
89,825,Cameo
333,772,Cameo
182,102,Lead Actor
364,954,Supporting Actor
44,283,Lead Actor
18,30,Cameo
82,949,Cameo
406,396,Lead Actor
292,826,Lead Actor
156,194,Lead Actor
218,683,Cameo
419,63,Lead Actor
202,450,Lead Actor
159,377,Supporting Actor
491,802,Cameo
218,439,Supporting Actor
191,40,Lead Actor
482,476,Lead Actor
357,300,Cameo
273,582,Cameo
135,951,Lead Actor
221,531,Lead Actor
350,319,Cameo
214,512,Lead Actor
347,464,Cameo
140,778,Lead Actor
377,813,Supporting Actor
258,854,Supporting Actor
264,754,Lead Actor
215,956,Cameo
225,470,Supporting Actor
477,286,Supporting Actor
312,414,Cameo
220,482,Supporting Actor
258,715,Lead Actor
220,443,Cameo
67,479,Lead Actor
267,274,Cameo
148,185,Lead Actor
148,862,Supporting Actor
170,290,Lead Actor
317,754,Lead Actor
16,503,Lead Actor
364,99,Supporting Actor
185,114,Lead Actor
35,504,Supporting Actor
56,670,Lead Actor
498,543,Cameo
87,972,Cameo
464,812,Cameo
318,583,Supporting Actor
45,555,Supporting Actor
208,755,Lead Actor
163,962,Cameo
321,900,Supporting Actor
327,109,Lead Actor
322,570,Cameo
91,169,Lead Actor
150,484,Supporting Actor
245,548,Cameo
316,592,Lead Actor
412,973,Supporting Actor
314,497,Cameo
355,375,Cameo
26,543,Supporting Actor
426,454,Cameo
146,318,Cameo
341,534,Lead Actor
362,843,Lead Actor
96,553,Cameo
159,964,Supporting Actor
137,256,Lead Actor
423,312,Lead Actor
73,985,Cameo
269,52,Supporting Actor
287,191,Supporting Actor
359,986,Lead Actor
91,154,Supporting Actor
262,598,Supporting Actor
164,807,Supporting Actor
465,585,Cameo
64,354,Supporting Actor
45,846,Cameo
480,479,Supporting Actor
314,791,Cameo
324,919,Lead Actor
436,841,Lead Actor
78,600,Cameo
361,835,Supporting Actor
379,796,Supporting Actor
167,805,Supporting Actor
69,670,Supporting Actor
51,391,Supporting Actor
230,429,Supporting Actor
498,491,Supporting Actor
361,136,Lead Actor
34,900,Cameo
334,226,Supporting Actor
198,498,Supporting Actor
462,864,Lead Actor
383,390,Cameo
94,149,Lead Actor
399,14,Cameo
83,463,Cameo
40,143,Supporting Actor
215,333,Supporting Actor
109,730,Lead Actor
26,800,Lead Actor
118,288,Supporting Actor
360,409,Supporting Actor
464,591,Supporting Actor
222,820,Lead Actor
199,43,Cameo
370,843,Lead Actor
57,56,Cameo
329,91,Cameo
141,798,Supporting Actor
454,716,Lead Actor
391,427,Cameo
391,365,Lead Actor
269,893,Lead Actor
46,636,Lead Actor
446,47,Cameo
59,409,Lead Actor
23,567,Supporting Actor
430,626,Supporting Actor
480,337,Cameo
6,132,Cameo
465,730,Supporting Actor
432,266,Cameo
76,962,Supporting Actor
171,489,Cameo
278,553,Lead Actor
225,867,Cameo
287,827,Lead Actor
153,268,Cameo
421,181,Lead Actor
44,867,Cameo
397,768,Lead Actor
127,712,Cameo
214,839,Cameo
230,680,Lead Actor
136,410,Lead Actor
400,587,Cameo
321,568,Lead Actor
393,422,Cameo
348,225,Cameo
278,396,Cameo
407,903,Cameo
433,320,Lead Actor
271,675,Supporting Actor
321,944,Cameo
236,286,Cameo
195,797,Supporting Actor
141,689,Cameo
23,636,Lead Actor
113,459,Lead Actor
238,977,Lead Actor
298,666,Cameo
64,396,Cameo
462,213,Lead Actor
256,6,Lead Actor
113,633,Lead Actor
19,817,Lead Actor
459,158,Supporting Actor
57,932,Supporting Actor
119,58,Lead Actor
490,45,Lead Actor
35,639,Supporting Actor
15,21,Supporting Actor
178,765,Lead Actor
333,337,Supporting Actor
410,739,Lead Actor
194,479,Lead Actor
280,65,Lead Actor
443,958,Cameo
314,367,Lead Actor
400,592,Cameo
23,254,Supporting Actor
367,428,Lead Actor
103,281,Cameo
216,559,Lead Actor
229,254,Lead Actor
286,681,Supporting Actor
108,183,Lead Actor
373,506,Lead Actor
124,244,Cameo
318,216,Cameo
255,943,Cameo
395,595,Supporting Actor
122,363,Cameo
136,639,Supporting Actor
415,498,Lead Actor
428,208,Lead Actor
323,593,Lead Actor
476,684,Cameo
227,397,Lead Actor
264,984,Cameo
125,661,Lead Actor
312,101,Cameo
109,966,Cameo
435,772,Lead Actor
175,784,Supporting Actor
166,445,Supporting Actor
245,888,Supporting Actor
379,8,Lead Actor
228,719,Lead Actor
496,425,Supporting Actor
309,585,Cameo
170,243,Supporting Actor
395,61,Lead Actor
410,103,Cameo
338,279,Supporting Actor
42,25,Cameo
315,121,Supporting Actor
140,248,Supporting Actor
445,913,Supporting Actor
346,635,Supporting Actor
88,613,Cameo
50,320,Supporting Actor
228,717,Lead Actor
41,489,Cameo
68,687,Lead Actor
157,391,Lead Actor
6,321,Supporting Actor
285,368,Supporting Actor
191,132,Supporting Actor
219,495,Lead Actor
170,618,Supporting Actor
307,611,Supporting Actor
274,111,Cameo
27,447,Cameo
499,166,Supporting Actor
285,233,Lead Actor
390,399,Lead Actor
219,365,Lead Actor
262,845,Cameo
172,871,Cameo
224,833,Cameo
320,133,Cameo
131,242,Cameo
471,562,Supporting Actor
116,959,Cameo
321,339,Supporting Actor
117,260,Cameo
247,456,Cameo
107,803,Supporting Actor
287,425,Cameo
350,825,Cameo
266,78,Supporting Actor
366,500,Lead Actor
213,238,Cameo
297,405,Cameo
327,596,Cameo
211,187,Cameo
4,374,Cameo
437,295,Cameo
165,481,Supporting Actor
163,5,Lead Actor
411,857,Lead Actor
175,131,Supporting Actor
414,670,Lead Actor
443,851,Cameo
295,483,Supporting Actor
146,156,Lead Actor
270,593,Cameo
310,344,Cameo
268,185,Supporting Actor
343,822,Cameo
126,929,Lead Actor
56,845,Lead Actor
129,971,Lead Actor
243,492,Lead Actor
194,538,Cameo
295,139,Cameo
85,877,Cameo
447,764,Cameo
378,798,Lead Actor
481,14,Lead Actor
245,483,Cameo
3,970,Cameo
304,541,Supporting Actor
124,63,Cameo
297,765,Lead Actor
232,62,Cameo
156,940,Supporting Actor
213,692,Supporting Actor
180,650,Supporting Actor
475,905,Lead Actor
222,917,Lead Actor
369,93,Cameo
90,456,Cameo
151,438,Lead Actor
213,719,Cameo
79,521,Cameo
62,802,Lead Actor
487,945,Cameo
256,710,Supporting Actor
293,812,Lead Actor
461,674,Cameo
436,547,Supporting Actor
203,931,Lead Actor
41,160,Supporting Actor
192,443,Cameo
388,40,Cameo
253,426,Cameo
23,717,Supporting Actor
236,398,Supporting Actor
306,732,Lead Actor
251,776,Cameo
266,46,Cameo
124,934,Supporting Actor
109,70,Lead Actor
479,737,Supporting Actor
470,117,Supporting Actor
417,368,Cameo
172,676,Cameo
291,311,Cameo
486,301,Cameo
35,847,Cameo
93,544,Cameo
69,389,Lead Actor
292,725,Lead Actor
302,770,Cameo
317,517,Lead Actor
234,99,Cameo
268,266,Supporting Actor
160,884,Supporting Actor
171,11,Supporting Actor
7,276,Cameo
438,139,Lead Actor
319,206,Supporting Actor
486,711,Supporting Actor
274,730,Cameo
449,461,Supporting Actor
125,585,Cameo
33,496,Cameo
399,808,Cameo
138,116,Lead Actor
22,314,Cameo
241,209,Cameo
233,424,Cameo
113,236,Supporting Actor
441,515,Supporting Actor
368,761,Lead Actor
253,892,Cameo
374,960,Lead Actor
26,99,Supporting Actor
472,606,Lead Actor
35,971,Supporting Actor
216,894,Lead Actor
315,913,Cameo
71,281,Cameo
50,801,Cameo
56,361,Lead Actor
77,241,Lead Actor
159,896,Lead Actor
74,899,Supporting Actor
481,460,Supporting Actor
394,372,Cameo
378,720,Cameo
277,991,Cameo
29,445,Cameo
28,730,Cameo
5,910,Supporting Actor
254,293,Lead Actor
157,413,Supporting Actor
232,518,Cameo
352,610,Lead Actor
49,358,Cameo
314,89,Supporting Actor
355,491,Lead Actor
6,304,Cameo
145,761,Cameo
86,106,Cameo
108,903,Cameo
462,258,Cameo
421,353,Cameo
170,526,Lead Actor
443,608,Cameo
323,49,Cameo
179,522,Supporting Actor
454,95,Lead Actor
194,348,Cameo
473,391,Supporting Actor
328,797,Supporting Actor
184,384,Lead Actor
446,915,Cameo
179,184,Lead Actor
99,284,Lead Actor
11,293,Supporting Actor
52,207,Cameo
68,281,Lead Actor
10,829,Cameo
98,251,Lead Actor
112,602,Supporting Actor
277,695,Cameo
273,906,Supporting Actor
204,970,Supporting Actor
271,435,Cameo
220,933,Lead Actor
442,154,Cameo
470,98,Lead Actor
249,663,Cameo
137,645,Cameo
269,612,Supporting Actor
83,553,Supporting Actor
40,313,Supporting Actor
452,67,Cameo
249,464,Cameo
197,16,Cameo
305,600,Cameo
87,894,Supporting Actor
312,219,Cameo
286,89,Cameo
457,592,Supporting Actor
238,357,Cameo
405,111,Supporting Actor
62,772,Supporting Actor
189,775,Cameo
355,917,Supporting Actor
155,987,Supporting Actor
11,876,Lead Actor
228,309,Supporting Actor
50,199,Lead Actor
373,499,Supporting Actor
455,523,Supporting Actor
444,81,Cameo
418,566,Lead Actor
176,757,Lead Actor
103,121,Lead Actor
103,123,Cameo
245,623,Lead Actor
463,976,Lead Actor
329,527,Supporting Actor
238,259,Lead Actor
391,159,Supporting Actor
80,389,Cameo
306,251,Cameo
349,773,Supporting Actor
458,916,Supporting Actor
337,997,Supporting Actor
83,477,Supporting Actor
266,291,Cameo
48,64,Supporting Actor
292,522,Lead Actor
57,906,Cameo
196,391,Supporting Actor
331,767,Lead Actor
207,278,Supporting Actor
377,746,Lead Actor
174,188,Lead Actor
414,685,Supporting Actor
323,947,Lead Actor
274,100,Cameo
449,388,Supporting Actor
34,272,Cameo
167,203,Cameo
298,904,Lead Actor
331,785,Cameo
441,561,Lead Actor
297,507,Cameo
159,713,Supporting Actor
277,717,Supporting Actor
187,180,Lead Actor
372,908,Lead Actor
260,47,Supporting Actor
310,920,Supporting Actor
219,46,Supporting Actor
461,185,Lead Actor
210,721,Lead Actor
206,860,Cameo
34,305,Cameo
325,449,Lead Actor
287,519,Lead Actor
374,670,Cameo
116,745,Cameo
157,774,Supporting Actor
185,520,Lead Actor
170,966,Lead Actor
12,483,Lead Actor
76,241,Lead Actor
354,637,Cameo
152,284,Cameo
404,947,Cameo
262,206,Supporting Actor
50,11,Supporting Actor
147,24,Supporting Actor
487,766,Lead Actor
96,936,Lead Actor
153,202,Cameo
184,387,Lead Actor
6,534,Cameo
396,991,Cameo
131,425,Supporting Actor
500,520,Supporting Actor
231,963,Supporting Actor
304,214,Supporting Actor
6,842,Cameo
458,995,Supporting Actor
49,290,Supporting Actor
246,316,Supporting Actor
74,123,Lead Actor
490,7,Cameo
27,469,Lead Actor
294,659,Supporting Actor
108,205,Cameo
15,293,Cameo
279,750,Supporting Actor
448,608,Cameo
419,200,Lead Actor
94,567,Lead Actor
266,25,Lead Actor
308,64,Lead Actor
397,38,Supporting Actor
347,184,Lead Actor
334,535,Lead Actor
88,903,Supporting Actor
433,555,Cameo
44,264,Lead Actor
96,815,Lead Actor
305,604,Cameo
46,460,Supporting Actor
456,623,Supporting Actor
187,160,Cameo
2,623,Cameo
414,781,Supporting Actor
325,742,Cameo
284,80,Cameo
119,618,Supporting Actor
124,615,Supporting Actor
29,218,Lead Actor
237,808,Supporting Actor
63,492,Supporting Actor
348,902,Cameo
14,947,Supporting Actor
329,999,Supporting Actor
291,976,Lead Actor
294,509,Cameo
246,845,Supporting Actor
405,165,Cameo
416,51,Supporting Actor
407,143,Lead Actor
184,712,Lead Actor
152,132,Cameo
62,588,Cameo
173,562,Lead Actor
338,268,Lead Actor
385,208,Supporting Actor
144,437,Lead Actor
480,720,Supporting Actor
277,10,Cameo
44,181,Cameo
58,850,Supporting Actor
131,755,Lead Actor
304,82,Cameo
30,80,Lead Actor
29,776,Lead Actor
248,28,Cameo
342,708,Cameo
435,850,Cameo
58,436,Supporting Actor
16,410,Lead Actor
344,80,Lead Actor
278,764,Supporting Actor
120,536,Cameo
23,158,Lead Actor
271,378,Lead Actor
275,879,Supporting Actor
296,499,Lead Actor
197,469,Cameo
135,598,Lead Actor
278,241,Cameo
6,325,Lead Actor
123,698,Cameo
146,225,Supporting Actor
150,779,Cameo
463,58,Cameo
356,924,Supporting Actor
142,923,Supporting Actor
373,631,Lead Actor
241,921,Supporting Actor
251,726,Supporting Actor
11,604,Lead Actor
459,946,Cameo
168,339,Lead Actor
439,703,Lead Actor
8,555,Supporting Actor
172,522,Supporting Actor
429,372,Lead Actor
457,776,Lead Actor
217,887,Cameo
43,294,Lead Actor
145,820,Lead Actor
397,451,Supporting Actor
447,855,Lead Actor
71,706,Supporting Actor
101,826,Cameo
286,276,Supporting Actor
425,919,Cameo
315,258,Cameo
129,96,Cameo
273,774,Supporting Actor
167,592,Cameo
2,407,Cameo
236,728,Supporting Actor
5,534,Lead Actor
62,112,Lead Actor
84,320,Lead Actor
18,696,Supporting Actor
137,844,Supporting Actor
223,341,Lead Actor
218,841,Supporting Actor
252,315,Supporting Actor
348,728,Supporting Actor
247,847,Supporting Actor
329,386,Lead Actor
410,338,Supporting Actor
130,238,Supporting Actor
369,951,Cameo
379,167,Supporting Actor
479,765,Supporting Actor
59,714,Lead Actor
184,887,Lead Actor
344,612,Supporting Actor
67,42,Cameo
182,188,Supporting Actor
117,376,Supporting Actor
51,308,Lead Actor
325,441,Lead Actor
363,334,Cameo
85,28,Lead Actor
359,809,Cameo
265,110,Supporting Actor
480,652,Supporting Actor
68,31,Supporting Actor
451,190,Lead Actor
307,921,Cameo
254,856,Cameo
116,197,Lead Actor
36,509,Lead Actor
380,994,Cameo
243,746,Cameo
4,366,Supporting Actor
226,943,Supporting Actor
317,973,Cameo
432,807,Supporting Actor
251,105,Supporting Actor
56,796,Cameo
188,665,Cameo
406,339,Lead Actor
305,915,Cameo
76,500,Lead Actor
298,23,Supporting Actor
76,794,Supporting Actor
246,90,Lead Actor
500,600,Supporting Actor
119,62,Supporting Actor
161,891,Lead Actor
342,718,Cameo
321,208,Lead Actor
377,70,Supporting Actor
263,780,Cameo
44,131,Supporting Actor
252,748,Cameo
396,759,Supporting Actor
350,308,Cameo
155,807,Supporting Actor
206,400,Lead Actor
329,891,Cameo
260,304,Cameo
216,387,Cameo
395,875,Cameo
5,479,Lead Actor
184,915,Cameo
76,163,Lead Actor
469,337,Cameo
326,992,Cameo
369,347,Lead Actor
338,713,Supporting Actor
163,54,Lead Actor
355,930,Lead Actor
291,428,Cameo
349,618,Supporting Actor
65,953,Lead Actor
354,310,Cameo
337,145,Supporting Actor
103,491,Lead Actor
339,707,Supporting Actor
227,948,Supporting Actor
293,636,Lead Actor
133,268,Supporting Actor
228,466,Supporting Actor
22,272,Lead Actor
237,958,Lead Actor
449,43,Cameo
249,761,Cameo
28,357,Cameo
266,36,Lead Actor
122,473,Supporting Actor
374,827,Lead Actor
416,993,Cameo
326,799,Supporting Actor
37,490,Supporting Actor
407,831,Supporting Actor
208,181,Lead Actor
322,1000,Cameo
354,841,Lead Actor
37,797,Lead Actor
488,257,Supporting Actor
59,794,Cameo
104,35,Lead Actor
6,986,Lead Actor
88,413,Lead Actor
84,324,Supporting Actor
332,833,Lead Actor
371,72,Cameo
20,683,Supporting Actor
384,106,Lead Actor
355,649,Lead Actor
476,264,Cameo
13,147,Cameo
498,641,Lead Actor
268,529,Lead Actor
296,920,Cameo
450,379,Cameo
272,5,Cameo
323,843,Supporting Actor
15,194,Supporting Actor
313,437,Lead Actor
66,137,Lead Actor
227,122,Cameo
407,702,Supporting Actor
458,378,Supporting Actor
492,67,Cameo
84,951,Cameo
156,282,Lead Actor
180,300,Supporting Actor
355,394,Cameo
117,628,Lead Actor
430,504,Lead Actor
47,132,Cameo
149,191,Supporting Actor
446,814,Lead Actor
215,597,Cameo
280,603,Lead Actor
23,955,Supporting Actor
411,408,Cameo
467,253,Supporting Actor
176,309,Lead Actor
21,406,Supporting Actor
14,764,Lead Actor
138,576,Lead Actor
166,70,Lead Actor
244,182,Cameo
421,930,Cameo
79,806,Lead Actor
432,959,Cameo
226,590,Lead Actor
225,330,Cameo
395,568,Cameo
314,302,Cameo
139,781,Supporting Actor
327,678,Supporting Actor
24,163,Lead Actor
28,20,Supporting Actor
152,397,Cameo
74,296,Supporting Actor
237,567,Supporting Actor
411,961,Supporting Actor
215,462,Supporting Actor
208,824,Supporting Actor
130,128,Cameo
234,655,Supporting Actor
461,618,Lead Actor
284,687,Supporting Actor
128,396,Lead Actor
117,130,Cameo
485,361,Cameo
192,180,Lead Actor
171,1,Supporting Actor
151,315,Supporting Actor
119,529,Lead Actor
320,129,Supporting Actor
406,71,Cameo
485,651,Supporting Actor
127,346,Lead Actor
268,653,Lead Actor
500,802,Supporting Actor
30,257,Lead Actor
66,897,Cameo
150,355,Lead Actor
198,87,Supporting Actor
92,305,Cameo
464,172,Lead Actor
211,289,Cameo
43,392,Supporting Actor
129,70,Cameo
138,179,Lead Actor
410,728,Lead Actor
459,565,Supporting Actor
48,605,Cameo
65,154,Cameo
58,108,Supporting Actor
419,868,Lead Actor
126,737,Supporting Actor
234,328,Cameo
125,629,Supporting Actor
386,715,Supporting Actor
260,755,Supporting Actor
35,387,Cameo
469,507,Supporting Actor
205,673,Cameo
115,556,Cameo
108,76,Lead Actor
331,381,Supporting Actor
117,11,Supporting Actor
492,34,Lead Actor
30,369,Supporting Actor
223,772,Lead Actor
383,41,Cameo
393,392,Supporting Actor
454,305,Supporting Actor
53,476,Cameo
54,386,Lead Actor
118,23,Lead Actor
475,413,Supporting Actor
52,783,Lead Actor
265,287,Cameo
153,25,Cameo
358,732,Cameo
368,706,Supporting Actor
240,758,Lead Actor
293,988,Supporting Actor
419,575,Cameo
396,32,Lead Actor
25,819,Lead Actor
130,367,Cameo
277,560,Cameo
28,703,Supporting Actor
74,154,Lead Actor
34,834,Lead Actor
343,946,Supporting Actor
201,146,Lead Actor
4,882,Cameo
293,479,Supporting Actor
