ActorID,FullName,DateOfBirth
1,Mr. Steven Newman,1936-08-16
2,Kyle Jones,1999-02-27
3,Ian Mccann,1979-09-21
4,Jason Lyons,1989-11-16
5,Jason Vargas,1993-03-25
6,Amanda Blackburn,1970-12-20
7,Mr. Ivan Baxter,2003-02-22
8,Christopher Mckinney,1940-08-13
9,Natalie Schultz,1968-05-02
10,Cindy Hill DDS,1995-07-02
11,Adam Clarke,1975-12-25
12,Sharon Mcdowell,1993-05-23
13,Teresa Abbott,1951-11-29
14,Linda Carson,1971-05-27
15,Kelli Jones,1971-07-14
16,Sandra Dunn,1944-05-19
17,Christopher Martin,1954-06-30
18,Amy Harris,1952-03-24
19,Melissa Walker,1996-06-22
20,Courtney Ward,1986-12-17
21,David Harmon,1977-07-10
22,Cathy Schultz,1998-07-28
23,Robin Gutierrez,1966-01-09
24,Vincent Pearson,1942-09-23
25,Mary Robertson,1969-04-18
26,Jessica Warren,1959-03-22
27,Robert Soto,1974-07-20
28,Heather Benson,1970-08-09
29,Heather Watkins,2002-02-21
30,Jeremy Elliott,1954-12-02
31,Anthony Lester,1997-05-28
32,Steven Brock,1957-06-02
33,Angela Perez,1950-05-30
34,Nicholas Bradford,1999-06-23
35,Randy Greene,1955-04-25
36,Gregory Hawkins,1969-03-22
37,Brenda Bailey,1973-10-10
38,Patricia Vasquez,2000-11-13
39,Phyllis Lopez,1950-12-29
40,Brandon Martin,1936-11-03
41,Sue Long,1983-05-23
42,Ashley Callahan,1947-08-10
43,Roy Ware,1948-05-06
44,Tabitha Taylor,1953-08-25
45,Frederick Bryant,1959-04-08
46,Andrew Smith,1995-12-15
47,Joshua Burke,1957-01-27
48,Lacey Bernard,1944-11-05
49,Tommy Brown,1970-02-07
50,Joseph Wright,1946-06-16
51,Kimberly Cox,1975-02-23
52,Michelle Patterson,2005-10-13
53,Gina Dixon,1948-04-15
54,Dr. Anna Hunter,1948-03-25
55,Shane Wood,1963-03-01
56,Rebecca Huang,1979-07-27
57,Jesse Morrow,1957-04-20
58,Krystal Spence,1945-06-14
59,Caitlin Young,1958-11-08
60,Jamie Watson,1987-10-30
61,Emily Chase,1941-09-04
62,Christopher Stokes,1988-01-30
63,Matthew Kennedy,1962-11-08
64,Nicole Poole,1970-04-17
65,Beverly Farley,1942-05-28
66,Bobby Lawson,1984-07-04
67,Susan Keith,1976-04-15
68,Howard Jones,2003-04-22
69,Michael Bailey,1971-07-31
70,Hannah Bryant,1935-07-31
71,Brian Smith,1984-09-18
72,Elizabeth White,1993-09-16
73,Danielle Parker,2006-01-16
74,Luis Young,1959-04-14
75,Alexis Carlson,1965-10-28
76,Amy Erickson,1944-10-20
77,Thomas Graham,1939-12-18
78,Frank Moore,2003-02-20
79,Mathew Phillips,1949-03-22
80,Lisa Davidson,1998-08-12
81,Richard Thomas,1945-03-17
82,Clifford Stark,1961-10-11
83,Justin Sawyer,1955-04-11
84,Michael Harrison,1991-10-09
85,Lisa Castro,1936-07-12
86,Chad Mann,1982-07-28
87,Cindy Brown,1955-09-12
88,Omar Diaz,1939-09-08
89,Mckenzie Finley,1987-11-09
90,Anthony Reed,1987-04-11
91,Ashley Foster,1946-10-01
92,Anthony Robinson,1955-04-10
93,Kimberly Meza,1977-08-28
94,Shawn Sanchez,1950-05-05
95,Katherine Burch,1956-02-01
96,Jill Butler,1987-03-27
97,Angela David,2003-01-20
98,Tracy Cross,1981-08-07
99,Ryan Solis,1941-03-24
100,Andrew Hammond,1982-05-17
101,Lisa Burnett,1984-05-04
102,Thomas Williams,1937-03-09
103,Christine Alexander,1994-06-20
104,Nathan White,1998-12-09
105,Wanda Hall,1944-02-08
106,Dana Thompson,1942-11-21
107,Jeffrey Johnston,1970-08-02
108,Rachel Gibson,1946-11-11
109,Laurie Nguyen,2005-12-12
110,Theresa Lopez,1961-11-14
111,Stacy Anderson,1980-06-06
112,Howard Riggs,1981-07-04
113,Stacy Watson,2005-12-17
114,Stephanie Little,1941-12-13
115,Benjamin Russo,1946-02-02
116,Norma Deleon,1992-04-30
117,Karen Holmes,1935-09-13
118,Andrew Berry,1951-03-19
119,Steven Guerrero,1996-08-30
120,Tiffany Wilson,1987-08-28
121,Shane Silva,1977-11-08
122,Michelle Duncan,1988-03-15
123,Jack Hogan,1995-02-03
124,Joseph Martinez,1981-07-11
125,Casey Leach,1958-05-24
126,Mark Hanson,1942-07-09
127,Isaac Crosby,1986-04-06
128,Christopher Freeman,1985-01-31
129,Benjamin Mccoy,1980-11-20
130,William Little DVM,1998-12-25
131,Sabrina Rodriguez,1952-03-15
132,Daniel Payne,1997-02-10
133,Cassie Neal,1940-10-10
134,Matthew Rose,1975-06-14
135,Katelyn Davis,1966-04-12
136,Jesse Wright,1941-07-11
137,Catherine Shelton,1947-11-01
138,Ryan Nguyen,1967-12-11
139,Michael Barajas,1948-03-18
140,Barbara Lewis,1942-06-19
141,David Martinez,1961-12-02
142,John Sanchez,1965-10-17
143,Christopher Soto,1973-06-27
144,James Charles,1978-05-19
145,Brandon Lopez,1959-03-23
146,Jenny Allen,1972-12-13
147,Katherine Lewis,1951-01-07
148,Tracy Mann,1967-01-24
149,Christina Smith,1943-03-08
150,Daniel Robertson,1940-09-29
151,Tammy Klein,1941-10-03
152,Brian White,2003-11-05
153,Christine Pierce,1949-06-29
154,Jesse Mann,2004-03-11
155,Karen King,1978-07-15
156,Rachel Lane,1952-04-28
157,Karla Wilson,1951-03-26
158,Joshua Anderson,1956-07-03
159,Richard Gutierrez,1987-12-31
160,Alexa Daugherty,1955-10-31
161,Felicia Holloway,1957-06-19
162,Samuel Frederick,1955-08-30
163,Lorraine Garrett,1949-01-01
164,Kyle Clark,1955-09-02
165,William Jones,1943-05-15
166,Craig Hall,1991-01-03
167,David Calhoun,1952-11-10
168,Mrs. Patricia Harrison,1943-07-18
169,Craig Jimenez,1998-06-29
170,Tanya Fletcher,1986-12-29
171,Dwayne Phillips,1941-06-16
172,Mrs. Maria Lewis,1959-02-04
173,Michael Robinson,1946-01-15
174,Austin Roberson,1974-08-28
175,Sonya Jensen,1945-01-14
176,Michael Kelley,1996-05-31
177,Kristine Fox,1960-02-11
178,Shawn Levine,1975-03-19
179,Margaret Hunter,1987-06-02
180,Robin Flores,1980-04-24
181,John Payne,1952-06-03
182,Chloe Hensley,1973-06-01
183,Tina Perez,1955-10-09
184,Adam Case,1941-12-27
185,Megan Shields,1993-05-19
186,Preston Jones,1935-10-11
187,Jodi Day,1951-10-03
188,Doris Allison,1982-11-29
189,Ryan Pittman DVM,1939-07-27
190,Michael Johnson,1951-02-18
191,Anthony Horton,1966-06-06
192,Tammie Ruiz,1981-10-04
193,Matthew Lee,1944-04-07
194,Megan Banks,1935-12-24
195,Adam Ortiz,2002-04-19
196,Richard Campbell,1995-11-09
197,Michael Friedman,1956-06-30
198,Juan Robinson,1935-09-06
199,Mr. Austin Johnson Jr.,1954-07-12
200,Lisa Taylor,2001-01-27
201,Adam Gutierrez,1955-05-26
202,Rhonda Trujillo,2001-07-18
203,Daniel Swanson DDS,2001-05-16
204,Kara Holt,2005-01-21
205,Lisa Berry,1949-12-03
206,Karen Leonard,1971-04-19
207,Stephanie Garcia,1985-08-19
208,Nicholas Gonzales,1955-01-18
209,Jodi Rosario,1963-05-09
210,Luis Randall,1946-12-03
211,Maxwell Manning,1992-03-18
212,Brandi Garcia,1997-11-27
213,Nicole Johnson,1997-04-27
214,Thomas Moss,1990-07-18
215,Crystal Martinez,1999-01-25
216,Tammy Baker,1950-08-25
217,Eileen Goodwin,1977-11-30
218,Jeffrey Hensley,1974-04-26
219,William Perry,1947-01-30
220,Jonathan Smith,2000-10-17
221,Wanda Gibson,1948-09-05
222,John Hood,2002-09-09
223,Christy Morrison,1952-04-02
224,James Guerrero,1993-05-27
225,Matthew Mayer,1999-06-09
226,Ryan Mcknight,1978-03-24
227,Melissa Bright,1999-08-22
228,Nicole Boyd,1942-03-14
229,Edward Olsen,1968-03-26
230,Kathryn Lopez,1945-08-16
231,Patrick Li,1944-11-03
232,Jessica Riley,2004-04-15
233,Jennifer Miller,1951-04-27
234,Connie Williamson,1961-04-20
235,Gregory Michael,1942-03-20
236,Katelyn Brown,1985-09-07
237,Kevin Cook,1980-05-19
238,Amber Floyd,1936-04-25
239,Brett Hayes,1954-03-31
240,Rachel Dean,2004-02-27
241,Brenda Curry,1993-07-05
242,Jonathan Lee,1948-05-12
243,Rebecca Stafford,1944-10-29
244,Jon Bridges DDS,1972-05-03
245,Emily Keith,1985-04-18
246,Andrew Morris,1994-12-20
247,Jennifer Walker,1946-09-12
248,Brett Flynn,1971-09-10
249,Joseph Henderson,1992-11-19
250,Ethan Carr,1998-10-26
251,Anna Washington,1948-05-02
252,Rebecca Morales,2003-04-20
253,Nicole Warren,1938-09-03
254,Jorge Smith,1938-03-17
255,Anthony Shea,2006-01-15
256,Mike Brennan,1970-12-23
257,Edward Andrews,1970-07-12
258,Karen Heath,1941-12-28
259,Ruth Lambert,1939-02-27
260,Bryan Lewis,1971-05-07
261,Steven Clark,2003-02-09
262,Oscar Henry,1980-01-19
263,Kara Norton,1974-09-15
264,Tanya Mendoza,1936-04-09
265,Amber Mason,1974-01-24
266,Brianna Anthony,1955-12-08
267,Elizabeth Welch,1989-12-10
268,Christopher Snyder,1982-03-12
269,Wendy Lee,2005-12-16
270,Brandon Carter,1998-02-26
271,Natasha Fuller,2005-01-25
272,Michael Duran,1953-02-28
273,Nathan Clark,1981-10-05
274,Laura Williams,1942-02-24
275,Joanne Hill,2005-03-17
276,Sheila Zimmerman,1983-08-16
277,Spencer Decker,1973-05-16
278,Mrs. Dorothy Wagner,1998-02-02
279,Ryan Thomas,1968-09-09
280,Crystal Weiss,1977-01-22
281,Anthony Wilson,1992-06-09
282,Kristen Stone,2001-08-15
283,Traci Palmer,1978-10-29
284,Hayley Barr,1947-07-26
285,Richard Acosta,1941-03-23
286,Megan Johnson,2004-07-30
287,Cody Mcdaniel,1946-09-16
288,Dawn Gordon,1975-08-13
289,Mitchell Robinson,1936-07-26
290,Veronica Juarez,1991-04-20
291,Steven Young,2004-08-02
292,Richard Evans,1973-05-14
293,Matthew Washington,1964-01-19
294,Sylvia Nash,2001-10-03
295,Ashley Knapp,1939-10-28
296,Elizabeth Kent,1998-12-11
297,Miguel Jarvis,1983-06-19
298,Amanda Perez,1965-05-09
299,Carla Hill,1942-07-09
300,Patricia West,1985-04-14
301,Kevin Acevedo,1978-07-02
302,Ethan Miller,1998-06-03
303,Alexander Mercer,1942-11-13
304,Chelsea Moore,1938-02-08
305,Carl Robinson,1983-06-27
306,Kathleen Yang,1948-04-20
307,Angela Jackson,1988-08-24
308,Stephanie Martinez,1939-11-28
309,Laura Taylor,1940-06-03
310,Katherine Smith,1948-06-19
311,Diana Fowler,1992-03-13
312,Crystal Lee,1977-12-23
313,Jamie Wilson,1949-01-11
314,Jonathan Galvan,1995-02-18
315,Kimberly Conrad,1951-05-13
316,Veronica Young,1998-10-04
317,Melissa Powell,2003-05-02
318,Andrea Mcintosh,1942-08-26
319,Aaron Brown,1955-11-17
320,Ashley Robertson,1998-05-17
321,Jared Hernandez,2000-02-25
322,Theresa May,1962-02-20
323,Cody Mitchell,1988-08-15
324,Matthew Gregory,1944-03-05
325,Teresa Smith,1986-02-25
326,Ashley Campos,1948-08-04
327,Amanda Nichols,1985-11-14
328,Max Andrews,1979-02-08
329,Jeffrey Gutierrez,1945-07-16
330,Katherine Velasquez,1949-01-24
331,Cindy Russell,1943-06-23
332,Edwin Chapman,1951-03-27
333,Ricky Cooper II,1980-06-16
334,Brooke Mason,1983-03-11
335,Brenda Smith,2003-11-20
336,Cynthia Martinez,1954-04-28
337,Colleen Noble,1984-09-19
338,Lee Farley,1940-05-07
339,Thomas Boyle,1984-07-16
340,Chelsea Craig,2004-11-13
341,Kristin Ritter,1988-06-10
342,Kathleen Smith,1997-03-06
343,Jessica Cruz,1937-09-18
344,Nicole King,1969-11-28
345,Julie Smith,1962-05-10
346,Joseph Moore,1985-01-27
347,Sarah Macias,1946-02-15
348,Lorraine Hoffman,2005-04-07
349,Christopher Jacobs,1940-06-18
350,Emily Hampton,1950-12-08
351,Veronica Elliott,1970-04-28
352,Tina Hunt,1937-08-30
353,Pedro Molina,2005-09-09
354,Robin Martin,2002-10-04
355,Lisa Bartlett,1972-11-12
356,Lisa Johnson,1969-07-08
357,William Mccoy,1958-03-19
358,James Robinson,1968-04-16
359,Jennifer Holland,1992-08-01
360,Jessica Mueller,1993-03-08
361,Mrs. Sarah Oneill,1943-04-15
362,Trevor Rice,1938-05-24
363,Timothy Love,1980-03-20
364,Jeffrey Taylor,1991-09-24
365,Kelly Tucker,1968-05-26
366,Elizabeth Hart,1957-11-14
367,Cory Johnson,1959-07-28
368,Chris Marshall,1953-10-08
369,Shane Kelly,1939-03-08
370,Amy Hammond,1954-04-23
371,Julie Gomez MD,1964-09-30
372,Darryl Moore,1938-03-05
373,Michael Ramsey,1954-07-19
374,Connie Moreno,1937-03-28
375,Jay Harrison,1999-03-05
376,David Noble,1983-04-06
377,Carla Frazier,1945-04-14
378,Ashley Weaver,2001-01-20
379,William Howard,1970-09-07
380,Erica Thompson,1982-01-24
381,Kimberly Brown,1944-01-26
382,Manuel Hunter,2000-07-16
383,Leah Rose,1947-07-21
384,Jillian Weaver,1995-10-06
385,Kathleen Mitchell,1936-02-06
386,Joseph Walters,2002-07-19
387,Maurice Davis,1976-03-31
388,Juan Gordon,1944-11-20
389,Sarah Byrd,2005-07-27
390,Tara Harris,1977-06-20
391,Bob Jordan,1958-02-23
392,Christine Clark,1970-04-10
393,Ralph Knox,1987-08-28
394,Adrienne Lopez,1992-01-25
395,Michael Bennett,1943-09-22
396,Nicole Lawson,1969-05-23
397,Teresa Cole,1941-07-18
398,Jordan Phillips,1940-09-25
399,Charles Walker,2006-04-01
400,Mark Ayers,1985-01-01
401,Tyler Rodriguez,1974-05-15
402,Howard Brown,1971-05-11
403,Steven Chavez,1967-07-24
404,Amanda Day,1986-03-16
405,Teresa Williams,1970-10-25
406,Emma Newton,1999-04-01
407,Laura Patel,1974-06-20
408,Michelle Phillips,1991-10-13
409,Harold Kelly,1963-04-12
410,Mark Ramirez,1976-05-11
411,Michael Adams,1967-03-09
412,Jack Smith,1950-08-05
413,Lisa Perkins,1940-07-09
414,Pamela Schwartz,1989-12-14
415,Diana Carter,1997-01-16
416,Carrie Nash,1976-12-03
417,Austin Boone,2003-08-10
418,William Gilbert,1957-08-22
419,Patricia Brown,2003-01-25
420,Jake Ellis,1945-03-05
421,Donald Rivas,1953-11-22
422,Steven Olsen,1961-12-30
423,Karen Clark,1991-01-16
424,Mathew Shepard,1959-11-14
425,Karen Mcgee,1993-03-17
426,William Mack,1941-02-04
427,Bethany Hill,2004-10-22
428,Jeffrey Hicks,1980-05-26
429,James Beard,1987-11-30
430,Ronald Wells,1995-09-07
431,Sandra Krueger,1954-12-11
432,Garrett Arnold,1964-02-27
433,Michelle Adkins,1943-11-02
434,Dr. Charles Anderson,1996-07-08
435,Ryan Johnson,1946-02-27
436,Jamie Franklin,1941-07-08
437,Oscar Delgado,1983-06-16
438,Joshua Delgado,2001-03-26
439,Margaret Anderson,1949-06-19
440,Jeffrey Dawson,1939-05-11
441,Amy Chen,1941-07-10
442,Pamela Bishop,2004-03-21
443,Gary Lopez,1997-07-24
444,Deborah Adkins,1956-03-05
445,Hailey Smith,1947-09-08
446,Joseph Armstrong,1941-08-01
447,Richard Jones,2000-11-27
448,Linda King,1978-01-25
449,Stephanie Davidson,2004-10-19
450,Joseph Sosa,1987-01-31
451,Darren Mcdonald,1989-03-21
452,David Aguirre,1944-03-04
453,Tara Nichols,1967-06-02
454,Jonathan Walker,1961-06-20
455,Ray Smith,1994-03-23
456,Marc Carter,1945-11-20
457,Jason Snow,2000-02-12
458,Amanda Bond,1991-10-07
459,John Graham,1950-12-06
460,Brandy Scott,1935-12-07
461,Tiffany Fields,1980-05-19
462,Jodi Garcia,1979-05-02
463,Jonathan Randolph,1979-05-08
464,Jeffrey Weeks,1966-10-26
465,Tony Solomon,1966-09-13
466,Jose Gray,1958-01-19
467,Charles Dominguez,1974-04-04
468,Bridget Burke MD,1997-12-10
469,Adam Welch,1964-06-20
470,Kelsey Orozco,1999-02-18
471,Evan Nelson,1969-07-10
472,Ashley Sanchez,1946-09-14
473,Ethan Fletcher,1963-03-18
474,Kathleen Johnson,1988-04-06
475,Christopher Noble,1960-08-16
476,Steven Davis,1983-08-06
477,Maria Page,1993-01-02
478,Claudia Wilson,1980-10-22
479,Amy Smith,1979-08-09
480,Linda Graves,1935-08-22
481,Elizabeth Carter,1983-09-04
482,Tricia Wallace,1990-09-03
483,Megan Schneider,1951-10-26
484,Melissa Henry,1937-02-24
485,Valerie Oneal,1970-08-24
486,Jessica Evans,1961-08-31
487,Melissa Rogers,2005-06-14
488,Robert Hahn,1996-09-01
489,Brett Reynolds,1949-08-19
490,Mary Sanchez,1983-03-05
491,Erica Reed,1977-11-09
492,Timothy Johnson,1992-07-11
493,Candace Terrell,1945-11-04
494,Erik Howe,1983-04-13
495,Jeffrey White,1971-10-23
496,Eddie Jenkins,1951-12-17
497,Mrs. Lisa Reed DDS,1992-05-25
498,Stephen Jefferson,1967-07-14
499,Zachary Bass,1978-05-19
500,Amy King,1961-09-30
